{"cameraMode":{"drawMode":0,"name":"Shaded","section":"Shading Mode"},"sceneLighting":false,"audioPlay":false,"sceneViewState":{"m_AlwaysRefresh":false,"showFog":true,"showSkybox":false,"showFlares":true,"showImageEffects":true,"showParticleSystems":true,"showVisualEffectGraphs":true,"m_FxEnabled":true},"in2DMode":false,"pivot":{"x":0.17939376831054688,"y":-0.04848235845565796,"z":0.08183479309082031},"rotation":{"x":0.46515563130378725,"y":0.12665823101997376,"z":-0.0674518272280693,"w":0.8735302686691284},"size":2.0533363819122316,"orthographic":false}