{"cameraMode":{"drawMode":0,"name":"Shaded","section":"Shading Mode"},"sceneLighting":false,"audioPlay":false,"sceneViewState":{"m_AlwaysRefresh":false,"showFog":true,"showSkybox":false,"showFlares":true,"showImageEffects":true,"showParticleSystems":true,"showVisualEffectGraphs":true,"m_FxEnabled":true},"in2DMode":false,"pivot":{"x":0.0000016689300537109376,"y":1.4134800434112549,"z":-0.11796079576015473},"rotation":{"x":-0.020896123722195627,"y":-0.9584954380989075,"z":0.27490437030792239,"w":-0.07288754731416702},"size":2.273226022720337,"orthographic":false}